{"cameraMode":{"drawMode":0,"name":"Shaded","section":"Shading Mode"},"sceneLighting":false,"audioPlay":false,"sceneViewState":{"showFog":true,"showMaterialUpdate":false,"showSkybox":false,"showFlares":true,"showImageEffects":true,"showParticleSystems":true},"in2DMode":false,"pivot":{"x":2.0216474533081056,"y":0.14067602157592774,"z":-1.1082181930541993},"rotation":{"x":-0.09981045871973038,"y":0.8604441285133362,"z":-0.18502525985240937,"w":-0.4641573131084442},"size":3.432188034057617,"orthographic":false}